code,time_key,open,close,high,low,pe_ratio,turnover_rate,volume,turnover,change_rate,last_close
HK.01876,2019-09-30 00:00:00,26.9765,27.7765,28.4765,26.8265,49.823,0.01978,261975591,7332012560.0,4.515267247380201,26.5765
HK.01876,2019-10-02 00:00:00,27.7765,29.2765,29.3765,27.5765,52.473,0.00741,98097465,2865871761.0,5.400248411426926,27.7765
HK.01876,2019-10-03 00:00:00,29.0765,29.1765,29.6265,28.6265,52.296,0.00424,56170457,1667721090.0,-0.34157088449779816,29.2765
HK.01876,2019-10-04 00:00:00,29.2265,30.0765,30.3765,28.8765,53.886,0.00302,39929505,1208196330.0,3.084674309804118,29.1765
HK.01876,2019-10-08 00:00:00,29.8765,31.1765,31.6765,29.6265,55.83,0.00619,81922852,2586041564.0,3.657340448522938,30.0765
HK.01876,2019-10-09 00:00:00,30.9265,32.0765,32.2265,30.8265,57.42,0.00207,27387084,878928092.0,2.886789729443658,31.1765
HK.01876,2019-10-10 00:00:00,32.0765,31.0765,32.2265,30.9265,55.653,0.00213,28226926,901315138.0,-3.11754711393077,32.0765
HK.01876,2019-10-11 00:00:00,31.3265,30.8265,31.5765,30.2765,55.212,0.00158,20950729,654495296.0,-0.804466397438579,31.0765
HK.01876,2019-10-14 00:00:00,31.1265,31.6265,31.9765,30.9765,56.625,0.00176,23357374,744060901.0,2.5951697403208303,30.8265
HK.01876,2019-10-15 00:00:00,31.6765,31.5765,32.0765,31.0765,56.537,0.00816,108049063,3456500603.0,-0.15809526820862477,31.6265
HK.01876,2019-10-16 00:00:00,31.5265,30.3765,31.5265,30.3765,54.416,0.00218,28864067,910145721.0,-3.8002945228255167,31.5765
HK.01876,2019-10-17 00:00:00,31.0765,30.9765,31.0765,30.2765,55.477,0.00096,12671930,395456107.0,1.9752111006863904,30.3765
HK.01876,2019-10-18 00:00:00,30.8765,29.7265,30.9765,29.4265,53.268,0.00144,19036631,576797081.0,-4.035317095217342,30.9765
HK.01876,2019-10-21 00:00:00,30.0765,31.0265,31.3265,30.0265,55.565,0.00134,17809514,556916784.0,4.373202361529265,29.7265
HK.01876,2019-10-22 00:00:00,31.5765,31.0265,31.5765,30.6265,55.565,0.00091,12026936,378158016.0,0.0,31.0265
HK.01876,2019-10-23 00:00:00,30.7765,30.6265,31.0265,30.2765,54.858,0.00068,8985202,279157131.0,-1.2892205050521284,31.0265
HK.01876,2019-10-24 00:00:00,30.7265,30.0765,31.0265,29.7265,53.886,0.00135,17880204,547561015.0,-1.7958304083065344,30.6265
HK.01876,2019-10-25 00:00:00,28.4765,29.2765,29.6765,27.7265,52.473,0.00338,44762051,1310391826.0,-2.6598839625621356,30.0765
HK.01876,2019-10-28 00:00:00,29.2765,28.0765,29.2765,27.9265,50.353,0.0016,21216438,608635377.0,-4.098850613973663,29.2765
HK.01876,2019-10-29 00:00:00,28.0765,27.3765,28.2765,27.0265,49.116,0.00194,25749692,719121911.0,-2.493188253521626,28.0765
HK.01876,2019-10-30 00:00:00,27.2765,28.2265,28.2265,27.2765,50.618,0.00427,56561860,1586743105.0,3.104852702135048,27.3765
HK.01876,2019-10-31 00:00:00,28.3765,28.2265,28.3765,27.7765,50.618,0.00086,11446335,326191623.0,0.0,28.2265
HK.01876,2019-11-01 00:00:00,28.0265,28.4265,28.4765,28.0265,50.971,0.00059,7803379,224151306.0,0.7085540183869742,28.2265
HK.01876,2019-11-04 00:00:00,28.4265,28.8765,29.2265,28.3265,51.766,0.00102,13506850,395609569.0,1.5830299192654713,28.4265
HK.01876,2019-11-05 00:00:00,29.1265,28.9265,29.1765,28.7265,51.855,0.00093,12266024,359784465.0,0.17315117829377075,28.8765
HK.01876,2019-11-06 00:00:00,28.8765,28.8265,28.9765,28.6265,51.678,0.00047,6210270,181502978.0,-0.34570376644254025,28.9265
HK.01876,2019-11-07 00:00:00,28.8765,28.8765,28.9265,28.6765,51.766,0.00043,5662131,165637251.0,0.17345151162992634,28.8265
HK.01876,2019-11-08 00:00:00,29.0265,28.1265,29.0265,28.0765,50.441,0.00058,7645565,220138946.0,-2.5972676744065244,28.8765
HK.01876,2019-11-11 00:00:00,27.9765,27.7765,27.9765,27.5765,49.823,0.00072,9592462,270285167.0,-1.2443780776136435,28.1265
HK.01876,2019-11-12 00:00:00,27.9265,28.3265,28.3765,27.7765,50.795,0.00047,6227164,177648825.0,1.9800910841898753,27.7765
HK.01876,2019-11-13 00:00:00,28.3265,28.1765,28.3765,27.9265,50.53,0.00042,5612165,160373625.0,-0.5295394771680179,28.3265
HK.01876,2019-11-14 00:00:00,28.0765,28.0765,28.4265,27.8765,50.353,0.00041,5427000,155075517.0,-0.3549056838145313,28.1765
HK.01876,2019-11-15 00:00:00,28.3765,29.2265,29.7265,28.1765,52.385,0.00093,12303100,362660782.0,4.09595213078554,28.0765
HK.01876,2019-11-18 00:00:00,29.2765,28.9265,29.6765,28.8265,51.855,0.00068,9025610,266762440.0,-1.0264657074914914,29.2265
HK.01876,2019-11-19 00:00:00,28.8765,29.2265,29.2265,28.5765,52.385,0.00032,4285796,126267437.0,1.0371112993276086,28.9265
HK.01876,2019-11-20 00:00:00,29.0765,28.8765,29.0765,28.5765,51.766,0.00058,7646008,223642418.0,-1.1975433254067418,29.2265
HK.01876,2019-11-21 00:00:00,28.8765,28.7765,28.9265,28.3765,51.59,0.00037,4865884,141633977.0,-0.3463023565875415,28.8765
HK.01876,2019-11-22 00:00:00,28.7765,28.8765,28.9265,28.6265,51.766,0.00028,3750412,109695506.0,0.3475057772835523,28.7765
HK.01876,2019-11-25 00:00:00,28.9265,28.5765,29.0765,28.5265,51.236,0.00078,10356500,302365686.0,-1.0389070697626122,28.8765
HK.01876,2019-11-26 00:00:00,28.6765,28.6765,28.9265,28.2765,51.413,0.00123,16307813,473056925.0,0.3499378860252355,28.5765
HK.01876,2019-11-27 00:00:00,28.5765,28.1765,28.8265,28.0265,50.53,0.00043,5682561,163071812.0,-1.7435879552944047,28.6765
HK.01876,2019-11-28 00:00:00,28.3265,27.8265,28.3265,27.5765,49.911,0.00064,8536819,241735170.0,-1.242169893350847,28.1765
HK.01876,2019-11-29 00:00:00,27.7765,27.4765,27.8765,27.4765,49.293,0.00055,7326880,206177571.0,-1.257793829622834,27.8265
HK.01876,2019-12-02 00:00:00,28.0265,27.7765,28.1265,27.5765,49.823,0.00044,5794384,163694734.0,1.0918421196294912,27.4765
HK.01876,2019-12-03 00:00:00,28.1765,28.3265,28.3265,27.7265,50.795,0.00021,2743931,78418037.0,1.9800910841898753,27.7765
HK.01876,2019-12-04 00:00:00,28.0765,27.7765,28.3765,27.7265,49.823,0.00017,2253059,64057525.0,-1.9416447496160867,28.3265
HK.01876,2019-12-05 00:00:00,28.0765,27.8265,28.2265,27.7765,49.911,0.00012,1551951,43925352.0,0.18000828038090008,27.7765
HK.01876,2019-12-06 00:00:00,28.1265,28.4765,28.4765,28.0265,51.06,0.00032,4226437,121370710.0,2.3359028264424277,27.8265
HK.01876,2019-12-09 00:00:00,28.6765,28.3265,28.6765,28.2265,50.795,0.00016,2142281,61662992.0,-0.5267501272979549,28.4765
HK.01876,2019-12-10 00:00:00,28.2765,28.0765,28.3265,27.9765,50.353,0.00016,2074831,59143102.0,-0.8825657952800381,28.3265
HK.01876,2019-12-11 00:00:00,28.2265,27.9765,28.2265,27.7765,50.176,0.00021,2769417,78446694.0,-0.3561697505030822,28.0765
HK.01876,2019-12-12 00:00:00,28.0265,27.5765,28.0265,27.5765,49.469,0.00031,4121841,115869077.0,-1.4297714152949872,27.9765
HK.01876,2019-12-13 00:00:00,27.8765,27.5765,27.9765,27.5265,49.469,0.00053,6973732,195285752.0,0.0,27.5765
HK.01876,2019-12-16 00:00:00,27.5765,27.2765,27.7265,27.0765,48.939,0.00059,7848077,217471999.0,-1.087882798759816,27.5765
HK.01876,2019-12-17 00:00:00,27.4765,27.5765,27.6265,26.7265,49.469,0.00078,10345885,285708701.0,1.0998478543801469,27.2765
HK.01876,2019-12-18 00:00:00,27.6265,27.1265,27.7265,27.0765,48.674,0.00043,5665618,156819912.0,-1.631824198139718,27.5765
HK.01876,2019-12-19 00:00:00,27.3265,27.5765,27.7265,27.2265,49.469,0.00046,6101233,170331175.0,1.6588944390171945,27.1265
HK.01876,2019-12-20 00:00:00,27.4765,27.2265,27.6765,27.2265,48.851,0.00047,6289837,174371225.0,-1.2691965985531082,27.5765
HK.01876,2019-12-23 00:00:00,27.2765,27.2265,27.3265,27.0765,48.851,0.00017,2237356,61828036.0,0.0,27.2265
HK.01876,2019-12-24 00:00:00,27.3265,26.9765,27.3765,26.9265,48.409,0.00013,1662960,45699397.0,-0.9182230547444584,27.2265
HK.01876,2019-12-27 00:00:00,27.0765,27.0765,27.3265,27.0765,48.586,0.00028,3721054,102628783.0,0.3706930105832775,26.9765
HK.01876,2019-12-30 00:00:00,27.0765,26.9265,27.0765,26.8265,48.321,0.00037,4920700,134592325.0,-0.5539859287574043,27.0765
HK.01876,2019-12-31 00:00:00,26.9765,25.8765,27.1765,25.8765,46.466,0.00073,9613698,256766654.0,-3.8995042058938245,26.9265
HK.01876,2020-01-02 00:00:00,25.8765,26.0765,26.4265,25.7265,46.819,0.00074,9841900,261437242.0,0.7729020539872057,25.8765
HK.01876,2020-01-03 00:00:00,26.2765,26.3765,26.5265,25.9765,47.349,0.00063,8397400,224077598.0,1.1504611431748921,26.0765
HK.01876,2020-01-06 00:00:00,26.1265,25.8765,26.2265,25.6765,46.466,0.00055,7314019,192536709.0,-1.895626788997782,26.3765
HK.01876,2020-01-07 00:00:00,26.0265,26.2265,26.4265,25.8765,47.084,0.00052,6845818,182375925.0,1.3525785944776203,25.8765
HK.01876,2020-01-08 00:00:00,25.9265,25.9265,26.2765,25.8765,46.554,0.00022,2969182,78515754.0,-1.1438811888738516,26.2265
HK.01876,2020-01-09 00:00:00,26.2265,25.8765,26.2265,25.7765,46.466,0.00042,5615108,147755969.0,-0.19285287254353925,25.9265
HK.01876,2020-01-10 00:00:00,26.0265,25.1265,26.0765,25.0765,45.141,0.00113,14936051,386748953.0,-2.8983827024520314,25.8765
HK.01876,2020-01-13 00:00:00,25.0765,24.1765,25.0765,23.9765,43.462,0.00231,30641310,756045088.0,-3.7808688038525036,25.1265
HK.01876,2020-01-14 00:00:00,24.3765,25.7765,25.7765,24.2765,46.289,0.00351,46473246,1179499842.0,6.617996815089024,24.1765
HK.01876,2020-01-15 00:00:00,25.8765,25.6765,26.4765,25.3765,46.113,0.00096,12649693,333148315.0,-0.38795026477604744,25.7765
HK.01876,2020-01-16 00:00:00,25.6765,25.2265,25.7265,24.9265,45.318,0.00078,10332279,265878778.0,-1.752575312055768,25.6765
HK.01876,2020-01-17 00:00:00,25.2765,25.4765,25.4765,24.8265,45.759,0.00123,16330341,417758553.0,0.9910213465998057,25.2265
HK.01876,2020-01-20 00:00:00,25.5765,25.6265,25.6765,25.2765,46.024,0.00052,6929600,179314538.0,0.5887778933526919,25.4765
HK.01876,2020-01-21 00:00:00,25.6265,24.4265,25.6265,24.2765,43.904,0.00076,10085020,252073107.0,-4.682652722767445,25.6265
HK.01876,2020-01-22 00:00:00,24.4265,24.9265,24.9765,24.0765,44.787,0.00037,4884175,122446650.0,2.046957198124987,24.4265
HK.01876,2020-01-23 00:00:00,24.5765,24.4765,24.9765,24.2265,43.992,0.00073,9642073,239462061.0,-1.805307604356806,24.9265
HK.01876,2020-01-24 00:00:00,24.3765,24.2765,24.3765,24.0765,43.639,0.00017,2263603,55769954.0,-0.8171102894613316,24.4765
HK.01876,2020-01-29 00:00:00,23.5765,23.8265,24.0265,23.5265,42.844,0.00103,13660509,331299442.0,-1.8536444709904614,24.2765
HK.01876,2020-01-30 00:00:00,24.0765,23.1265,24.0765,23.0265,41.607,0.00143,18987203,455723798.0,-2.937905273539963,23.8265
HK.01876,2020-01-31 00:00:00,23.1265,23.1765,23.6765,22.8265,41.696,0.00065,8641001,203898082.0,0.21620219229023288,23.1265
HK.01876,2020-02-03 00:00:00,22.7765,23.2765,23.5765,22.7265,41.872,0.00057,7588841,179538874.0,0.4314715336655572,23.1765
HK.01876,2020-02-04 00:00:00,23.5765,23.9765,23.9765,23.4265,43.109,0.00052,6936252,167228880.0,3.007324984426365,23.2765
HK.01876,2020-02-05 00:00:00,24.0265,23.1265,24.0265,23.0265,41.607,0.00064,8537367,201666876.0,-3.545137947573672,23.9765
HK.01876,2020-02-06 00:00:00,23.2765,23.6265,24.0765,23.1265,42.491,0.00068,9030794,217158302.0,2.162021922902298,23.1265
HK.01876,2020-02-07 00:00:00,23.7265,22.9765,23.7265,22.7765,41.342,0.00092,12158311,286837151.0,-2.751148075254475,23.6265
HK.01876,2020-02-10 00:00:00,22.8765,22.9765,23.1265,22.6765,41.342,0.00036,4743800,110835785.0,0.0,22.9765
HK.01876,2020-02-11 00:00:00,23.2265,22.8765,23.2265,22.7265,41.166,0.00061,8113181,189346038.0,-0.43522729745610267,22.9765
HK.01876,2020-02-12 00:00:00,23.1265,23.3765,23.5765,22.9265,42.049,0.00077,10200319,242365537.0,2.185649028479007,22.8765
HK.01876,2020-02-13 00:00:00,23.5765,23.0765,23.5765,23.0265,41.519,0.00032,4258936,100501242.0,-1.2833401065172318,23.3765
HK.01876,2020-02-14 00:00:00,22.9765,22.9265,23.2265,22.7265,41.254,0.00071,9401900,219766212.0,-0.6500119168851367,23.0765
HK.01876,2020-02-17 00:00:00,23.0765,23.5265,23.5765,22.9265,42.314,0.00138,18329073,431265468.0,2.617058862015562,22.9265
HK.01876,2020-02-18 00:00:00,23.6765,23.6765,24.5265,23.5765,42.579,0.00199,26298243,632463305.0,0.6375789003889323,23.5265
HK.01876,2020-02-19 00:00:00,24.2765,24.4765,24.5765,23.8265,43.992,0.0011,14557900,361146399.0,3.3788777902139278,23.6765
HK.01876,2020-02-20 00:00:00,24.3765,24.4265,24.4765,23.8265,43.904,0.00054,7145162,175667544.0,-0.2042775723653329,24.4765
HK.01876,2020-02-21 00:00:00,24.0765,24.1765,24.4265,24.0765,43.462,0.00058,7644455,188183795.0,-1.0234785990624935,24.4265
HK.01876,2020-02-24 00:00:00,23.9265,23.1265,24.0765,22.9765,41.607,0.00104,13754852,326312822.0,-4.34306040990218,24.1765
HK.01876,2020-02-25 00:00:00,22.8765,23.1765,23.2265,22.6265,41.696,0.00066,8796927,206260655.0,0.21620219229023288,23.1265
HK.01876,2020-02-26 00:00:00,22.6765,23.8765,23.9265,22.6765,42.932,0.00097,12841991,307498510.0,3.0203007356589615,23.1765
HK.01876,2020-02-27 00:00:00,23.2265,23.5765,23.5765,22.9265,42.402,0.00141,18638109,441157345.0,-1.2564655623730476,23.8765
HK.01876,2020-02-28 00:00:00,22.8765,22.9765,23.1765,22.6765,44.318,0.00178,23639398,551479686.0,-2.5449070048565217,23.5765
HK.01876,2020-03-02 00:00:00,22.8265,22.7765,23.1265,22.6265,43.939,0.00093,12318033,285841092.0,-0.8704545949122053,22.9765
HK.01876,2020-03-03 00:00:00,23.0765,22.8765,23.0765,22.5765,44.128,0.00072,9489528,219643557.0,0.43904901982306954,22.7765
HK.01876,2020-03-04 00:00:00,22.6765,23.3765,23.4265,22.6765,45.075,0.00049,6467850,153152894.0,2.185649028479007,22.8765
HK.01876,2020-03-05 00:00:00,23.5765,24.1265,24.2765,23.3765,46.496,0.00084,11177985,272360055.0,3.2083502662930723,23.3765
HK.01876,2020-03-06 00:00:00,23.7765,23.6765,24.1765,23.3765,45.643,0.00061,8065002,195134391.0,-1.8651690050359535,24.1265
HK.01876,2020-03-09 00:00:00,22.8765,23.0265,23.5265,22.7265,44.412,0.0006,7884853,184993352.0,-2.7453382045488235,23.6765
HK.01876,2020-03-10 00:00:00,23.3765,23.3265,23.4765,23.0765,44.981,0.00045,5942371,140851733.0,1.3028467200833853,23.0265
HK.01876,2020-03-11 00:00:00,23.3765,23.0765,23.5765,22.8765,44.507,0.00056,7415637,175409499.0,-1.071742438857094,23.3265
HK.01876,2020-03-12 00:00:00,22.6765,21.8765,22.7265,21.6765,42.234,0.00129,17142599,384672721.0,-5.200095335081141,23.0765
HK.01876,2020-03-13 00:00:00,20.0765,22.2765,22.2765,20.0765,42.992,0.00158,20960908,451473253.0,1.828446049413748,21.8765
HK.01876,2020-03-16 00:00:00,22.0765,21.5765,22.2765,21.4765,41.666,0.00082,10892937,241950796.0,-3.142324871501355,22.2765
HK.01876,2020-03-17 00:00:00,21.5765,21.8765,22.1765,21.4265,42.234,0.00106,14023241,310681075.0,1.3904015943271648,21.5765
HK.01876,2020-03-18 00:00:00,21.6265,21.2765,22.1265,21.1265,41.098,0.00126,16675552,366821739.0,-2.7426690741206383,21.8765
HK.01876,2020-03-19 00:00:00,21.2265,20.6265,21.5265,20.0765,39.867,0.00114,15081998,318623234.0,-3.0550137475618575,21.2765
HK.01876,2020-03-20 00:00:00,20.6265,20.7765,20.9265,19.9265,40.151,0.00119,15746742,330095461.0,0.727219838557189,20.6265
HK.01876,2020-03-23 00:00:00,20.4765,19.4765,20.4765,19.4165,37.689,0.00053,7002560,142107477.0,-6.257069285009492,20.7765
HK.01876,2020-03-24 00:00:00,19.8265,20.1765,20.7265,19.7765,39.015,0.00138,18273760,379279433.0,3.5940749107899226,19.4765
HK.01876,2020-03-25 00:00:00,20.9765,21.2765,21.5265,20.4765,41.098,0.00094,12407508,267194622.0,5.4518870963744845,20.1765
HK.01876,2020-03-26 00:00:00,21.5765,21.1265,21.5765,20.7265,40.814,0.00047,6259565,134598520.0,-0.7050031725142697,21.2765
HK.01876,2020-03-27 00:00:00,20.7765,20.7265,21.0765,20.4765,40.056,0.00096,12663324,268113540.0,-1.8933566847324383,21.1265
HK.01876,2020-03-30 00:00:00,20.6265,19.5565,20.6765,19.2765,37.84,0.00099,13115152,263348267.0,-5.644947289701598,20.7265
HK.01876,2020-03-31 00:00:00,19.6765,19.5765,19.8765,19.4365,37.878,0.00089,11841914,236898436.0,0.10226778820340846,19.5565
HK.01876,2020-04-01 00:00:00,19.8265,18.9365,19.8265,18.7165,36.666,0.00054,7206120,140774573.0,-3.2692258575332698,19.5765
HK.01876,2020-04-02 00:00:00,18.8765,18.9765,19.1765,18.5965,36.742,0.00044,5817530,112420085.0,0.21123227629183164,18.9365
HK.01876,2020-04-03 00:00:00,19.0765,18.3765,19.0765,17.9165,35.606,0.00085,11255995,210770935.0,-3.161805390878199,18.9765
HK.01876,2020-04-06 00:00:00,18.3965,18.3365,18.4565,17.5765,35.53,0.00068,8940191,165416940.0,-0.21766930590699615,18.3765
HK.01876,2020-04-07 00:00:00,18.4765,19.0965,19.3565,18.4765,36.969,0.00272,36049967,700223136.0,4.144738636053762,18.3365
HK.01876,2020-04-08 00:00:00,18.7765,19.5565,19.5565,18.7765,37.84,0.00165,21821151,427343548.0,2.4088183698583556,19.0965
HK.01876,2020-04-09 00:00:00,20.0765,20.3765,20.6265,19.7265,39.393,0.00121,16003883,331598122.0,4.192979316339837,19.5565
HK.01876,2020-04-14 00:00:00,20.7765,20.6765,20.9265,20.4265,39.962,0.0009,11933130,251051555.0,1.472284249012346,20.3765
HK.01876,2020-04-15 00:00:00,21.0765,20.5265,21.4265,20.3765,39.678,0.00135,17940272,379580123.0,-0.7254612724590822,20.6765
HK.01876,2020-04-16 00:00:00,20.3765,20.8265,21.0265,20.3765,40.246,0.00064,8473630,178252851.0,1.4615253452853665,20.5265
HK.01876,2020-04-17 00:00:00,21.5765,21.0765,22.1265,20.8765,40.719,0.00094,12481523,270973694.0,1.200393729143159,20.8265
HK.01876,2020-04-20 00:00:00,21.5765,21.3765,21.5765,21.0265,41.287,0.00096,12717033,276306708.0,1.4233862358551028,21.0765
HK.01876,2020-04-21 00:00:00,21.1765,20.8265,21.2265,20.3765,40.246,0.00115,15198764,327266983.0,-2.5729188594952435,21.3765
HK.01876,2020-04-22 00:00:00,20.2265,21.0265,21.1265,20.2265,40.625,0.00123,16321227,345079357.0,0.9603149833145239,20.8265
HK.01876,2020-04-23 00:00:00,20.9765,20.5765,21.2265,20.4265,39.772,0.00064,8444370,178804162.0,-2.1401564692174126,21.0265
HK.01876,2020-04-24 00:00:00,19.9765,20.3265,20.5765,19.9765,39.299,0.00016,2144671,44469539.0,-1.2149782518892913,20.5765
HK.01876,2020-04-27 00:00:00,20.3265,20.4265,20.6265,19.9265,39.488,0.00047,6289600,130767897.0,0.4919686124025357,20.3265
HK.01876,2020-04-28 00:00:00,20.5765,20.1765,20.7265,19.9265,39.015,0.00048,6405700,131877677.0,-1.2239003255574865,20.4265
HK.01876,2020-04-29 00:00:00,20.5265,20.7265,20.8265,20.3265,40.056,0.00062,8238450,173373544.0,2.7259435481872507,20.1765
HK.01876,2020-05-04 00:00:00,20.3765,21.8265,21.8265,20.1765,42.14,0.00122,16152025,349560212.0,5.307215400574133,20.7265
HK.01876,2020-05-05 00:00:00,22.2765,21.6765,22.3265,21.1765,41.856,0.00141,18682900,411618251.0,-0.6872379905161092,21.8265
HK.01876,2020-05-06 00:00:00,21.7765,21.3265,21.7765,21.2765,41.193,0.00135,17873188,390829517.0,-1.6146518118700037,21.6765
HK.01876,2020-05-07 00:00:00,21.5265,20.7765,21.5265,20.3765,40.151,0.00227,30067453,637239113.0,-2.5789510702646976,21.3265
HK.01876,2020-05-08 00:00:00,20.9765,21.9265,22.0265,20.5765,42.329,0.00351,46488459,1011720606.0,5.535099752123805,20.7765
HK.01876,2020-05-11 00:00:00,22.2265,22.8265,23.2765,22.0265,44.034,0.00198,26201166,604538148.0,4.104622260734721,21.9265
HK.01876,2020-05-12 00:00:00,23.1765,22.4765,23.1765,22.1265,43.371,0.00129,17035940,392622313.0,-1.5333055878036401,22.8265
HK.01876,2020-05-13 00:00:00,22.2765,23.2765,23.6265,22.2765,44.886,0.00162,21419141,505434267.0,3.559273018485962,22.4765
HK.01876,2020-05-14 00:00:00,23.2265,22.4765,23.2765,22.3265,43.371,0.00112,14796631,340130532.0,-3.436942839344391,23.2765
HK.01876,2020-05-15 00:00:00,22.7265,22.8265,22.9265,22.1265,44.034,0.00092,12227961,280624152.0,1.5571819455876041,22.4765
HK.01876,2020-05-18 00:00:00,22.5765,22.0765,22.8265,21.9265,42.613,0.00119,15718324,358368567.0,-3.28565483100782,22.8265
HK.01876,2020-05-19 00:00:00,22.7304,21.9304,22.8304,21.8804,41.95,0.00069,9111087,204920846.0,-0.6617896858650627,22.0765
HK.01876,2020-05-20 00:00:00,22.1804,21.4804,22.1804,21.2804,41.098,0.00065,8649534,188848236.0,-2.0519461569328388,21.9304
HK.01876,2020-05-21 00:00:00,21.7804,21.3304,21.9804,21.2804,40.814,0.00046,6144850,133244197.0,-0.6983110184167827,21.4804
HK.01876,2020-05-22 00:00:00,20.7804,19.9804,21.0804,19.6604,38.257,0.00111,14674932,298595839.0,-6.328995236845072,21.3304
HK.01876,2020-05-25 00:00:00,19.4804,20.6804,20.7804,19.4804,39.583,0.00079,10472524,215875300.0,3.5034333646974005,19.9804
HK.01876,2020-05-26 00:00:00,20.7804,20.9304,21.1804,20.3804,40.056,0.00095,12532811,265134154.0,1.2088741030154158,20.6804
HK.01876,2020-05-27 00:00:00,21.2804,21.0304,21.2804,20.6804,40.246,0.00059,7785746,164701941.0,0.4777739555861399,20.9304
HK.01876,2020-05-28 00:00:00,21.2304,21.0304,21.5304,20.7304,40.246,0.00091,12102230,257790053.0,0.0,21.0304
HK.01876,2020-05-29 00:00:00,20.9804,21.4804,21.7304,20.7304,41.098,0.00311,41173620,891829052.0,2.1397595861229424,21.0304
HK.01876,2020-06-01 00:00:00,22.1304,22.0304,22.1304,21.4804,42.14,0.00116,15393422,339148498.0,2.5604737341948973,21.4804
HK.01876,2020-06-02 00:00:00,21.9804,22.8304,22.8304,21.7304,43.655,0.00077,10210828,230753691.0,3.6313457767448645,22.0304
HK.01876,2020-06-03 00:00:00,22.8304,24.5804,24.5804,22.7804,46.969,0.00169,22436014,541384691.0,7.665218305417337,22.8304
HK.01876,2020-06-04 00:00:00,24.7804,25.2804,25.3804,24.1804,48.295,0.00135,17852293,447228516.0,2.8477974321003696,24.5804
HK.01876,2020-06-05 00:00:00,25.2304,24.5804,25.2304,24.4304,46.969,0.00062,8167647,203207629.0,-2.7689435293745324,25.2804
HK.01876,2020-06-08 00:00:00,24.9804,24.5804,24.9804,24.0304,46.969,0.00067,8862732,218298991.0,0.0,24.5804
HK.01876,2020-06-09 00:00:00,24.9304,25.1804,25.4304,24.7804,48.106,0.0007,9275457,234874756.0,2.4409692275145964,24.5804
HK.01876,2020-06-10 00:00:00,25.1304,24.3804,25.2804,23.9804,46.59,0.00071,9410312,232207998.0,-3.1770742323394274,25.1804
HK.01876,2020-06-11 00:00:00,24.2304,23.6804,24.3804,23.6804,45.265,0.00057,7545705,181878047.0,-2.8711587996915666,24.3804
HK.01876,2020-06-12 00:00:00,22.9304,23.3304,23.5804,22.7804,44.602,0.00064,8434779,198939382.0,-1.4780155740612402,23.6804
HK.01876,2020-06-15 00:00:00,22.8804,22.0804,23.1304,21.9804,42.234,0.00118,15645875,356697336.0,-5.35781641120598,23.3304
HK.01876,2020-06-16 00:00:00,22.7304,22.7804,23.0304,22.4304,43.56,0.0007,9273500,212077557.0,3.170232423325661,22.0804
HK.01876,2020-06-17 00:00:00,22.7804,22.6304,22.9304,21.9804,43.276,0.00053,7022354,158649632.0,-0.6584607820758134,22.7804
HK.01876,2020-06-18 00:00:00,22.5304,22.6804,23.0304,22.4804,43.371,0.00039,5106318,116835754.0,0.22094174208143538,22.6304
HK.01876,2020-06-19 00:00:00,22.4804,22.9804,23.0304,22.2304,43.939,0.00091,12046296,277766485.0,1.3227279942152728,22.6804
HK.01876,2020-06-22 00:00:00,22.7304,22.2804,22.8804,22.0804,42.613,0.0005,6667602,150471897.0,-3.046074045708514,22.9804
HK.01876,2020-06-23 00:00:00,22.3304,22.8804,23.1804,22.1304,43.75,0.00045,5952540,136567807.0,2.692949857273664,22.2804
HK.01876,2020-06-24 00:00:00,22.9304,22.4804,22.9304,22.3304,42.992,0.00048,6320706,143518671.0,-1.7482211849443283,22.8804
HK.01876,2020-06-26 00:00:00,22.6804,22.0804,22.6804,22.0804,42.234,0.00041,5431059,121848192.0,-1.7793277699684997,22.4804
HK.01876,2020-06-29 00:00:00,21.8804,21.7804,22.1304,21.6304,41.666,0.00045,5967000,131335091.0,-1.358671038568145,22.0804
HK.01876,2020-06-30 00:00:00,21.7804,22.3304,22.3804,21.7804,42.708,0.00053,7046505,157515067.0,2.525206148647411,21.7804
HK.01876,2020-07-02 00:00:00,22.9304,22.3804,22.9304,22.0804,42.803,0.00065,8664553,195826827.0,0.22391000609035533,22.3304
HK.01876,2020-07-03 00:00:00,22.4804,22.3804,22.6804,22.1804,42.803,0.0004,5249393,118688299.0,0.0,22.3804
HK.01876,2020-07-06 00:00:00,22.4304,23.0304,23.3804,22.3804,44.034,0.00056,7395300,171500421.0,2.9043270004110675,22.3804
HK.01876,2020-07-07 00:00:00,23.4804,22.9804,23.6804,22.6304,43.939,0.00075,9880068,228004733.0,-0.21710434903432294,23.0304
HK.01876,2020-07-08 00:00:00,23.1304,23.5804,24.4304,23.0304,45.075,0.00107,14172821,338588550.0,2.610920610607306,22.9804
HK.01876,2020-07-09 00:00:00,23.7304,23.4804,23.9304,23.1804,44.886,0.00074,9856251,233665550.0,-0.4240810164373862,23.5804
HK.01876,2020-07-10 00:00:00,23.4804,22.8304,23.4804,22.3804,43.655,0.00055,7265928,166799520.0,-2.7682662987001865,23.4804
HK.01876,2020-07-13 00:00:00,22.8804,23.5304,23.5304,22.4804,44.981,0.00084,11186545,260122479.0,3.066087322166932,22.8304
HK.01876,2020-07-14 00:00:00,23.2304,24.3804,24.3804,23.1804,46.59,0.00098,13033539,313426653.0,3.6123482813721886,23.5304
HK.01876,2020-07-15 00:00:00,24.7804,23.9804,25.1804,23.7804,45.833,0.00136,17959574,441425418.0,-1.6406621712523262,24.3804
HK.01876,2020-07-16 00:00:00,24.0804,22.7804,24.2804,22.6304,43.56,0.00097,12782364,297609661.0,-5.004086670781135,23.9804
HK.01876,2020-07-17 00:00:00,22.7804,23.4804,23.4804,22.5804,44.886,0.00037,4917089,114790642.0,3.072816983020488,22.7804
HK.01876,2020-07-20 00:00:00,23.4804,23.7304,23.7304,22.6804,45.359,0.00054,7186649,169150874.0,1.0647178071923817,23.4804
HK.01876,2020-07-21 00:00:00,23.7804,24.3304,24.5304,23.5804,46.496,0.00095,12538118,305597025.0,2.5284023868118592,23.7304
HK.01876,2020-07-22 00:00:00,24.1804,23.2804,24.2804,23.2804,44.507,0.00048,6407620,152993235.0,-4.315588728504261,24.3304
HK.01876,2020-07-23 00:00:00,23.4804,23.9804,24.3804,23.2804,45.833,0.0005,6653022,160351498.0,3.0068211886393676,23.2804
HK.01876,2020-07-24 00:00:00,23.5804,23.5304,24.0304,23.4304,44.981,0.00032,4237835,101006484.0,-1.8765325015429237,23.9804
HK.01876,2020-07-27 00:00:00,23.6304,23.7304,24.0804,23.3304,45.359,0.00054,7101076,169708315.0,0.8499643014993339,23.5304
HK.01876,2020-07-28 00:00:00,24.4804,25.0804,25.0804,24.0304,47.916,0.00148,19543709,489995967.0,5.688905370326676,23.7304
HK.01876,2020-07-29 00:00:00,25.2804,25.2804,25.4304,24.5304,48.295,0.00093,12351120,312797026.0,0.7974354476005139,25.0804
HK.01876,2020-07-30 00:00:00,26.7804,26.5304,27.8804,26.2804,50.662,0.00296,39178640,1060808310.0,4.944542016740241,25.2804
HK.01876,2020-07-31 00:00:00,27.2804,27.8804,28.6304,27.1804,53.219,0.00166,21936326,613222830.0,5.088502246479516,26.5304
HK.01876,2020-08-03 00:00:00,27.7304,27.4304,27.8304,26.5804,52.367,0.00113,14967616,411598836.0,-1.614037101332846,27.8804
HK.01876,2020-08-04 00:00:00,27.7304,26.6804,27.9304,26.4304,50.946,0.00107,14195351,385325085.0,-2.734192720485301,27.4304
HK.01876,2020-08-05 00:00:00,26.9304,26.9804,27.4804,26.5304,51.515,0.0011,14594475,398408772.0,1.1244209232245421,26.6804
HK.01876,2020-08-06 00:00:00,27.1804,26.5804,27.2304,26.0304,50.757,0.00063,8407300,223830151.0,-1.4825577085588004,26.9804
HK.01876,2020-08-07 00:00:00,26.6804,26.0304,27.0304,25.9304,49.715,0.00059,7792539,206187441.0,-2.069193842079129,26.5804
HK.01876,2020-08-10 00:00:00,25.5804,25.8304,26.3304,25.1304,49.337,0.00074,9837484,254492746.0,-0.768332411334437,26.0304
HK.01876,2020-08-11 00:00:00,26.5804,27.0304,27.3804,26.2804,51.609,0.00112,14884086,404920471.0,4.645688800792861,25.8304
HK.01876,2020-08-12 00:00:00,27.1804,27.3304,27.4304,26.3804,52.178,0.00088,11593166,315044028.0,1.1098614892861398,27.0304
HK.01876,2020-08-13 00:00:00,27.7804,27.0304,27.7804,26.9804,51.609,0.0007,9248430,254319543.0,-1.0976787752832036,27.3304
HK.01876,2020-08-14 00:00:00,27.3304,27.5804,27.9804,26.8304,52.651,0.00059,7829333,217759593.0,2.0347460636912538,27.0304
HK.01876,2020-08-17 00:00:00,27.3304,27.1804,27.5804,26.9804,51.893,0.00053,7037587,193555874.0,-1.4503052892633976,27.5804
HK.01876,2020-08-18 00:00:00,27.5804,27.2804,27.5804,26.9804,52.083,0.00032,4194713,115158462.0,0.36791217200630394,27.1804
HK.01876,2020-08-19 00:00:00,27.1804,27.7804,27.9304,27.1804,53.03,0.00043,5735886,159842542.0,1.8328177006202255,27.2804
HK.01876,2020-08-20 00:00:00,27.6304,26.6804,27.6304,26.3804,50.946,0.00064,8529816,229171094.0,-3.9596262112856597,27.7804
HK.01876,2020-08-21 00:00:00,26.9804,26.9304,27.1304,26.4804,51.42,0.00025,3300837,89405216.0,0.9370174360204495,26.6804
HK.01876,2020-08-24 00:00:00,26.9804,27.4304,27.4804,26.9804,52.367,0.00026,3474131,95663953.0,1.8566378516472093,26.9304
HK.01876,2020-08-25 00:00:00,27.6804,27.1804,27.6804,26.8804,51.893,0.00027,3553490,97157476.0,-0.9113975734951004,27.4304
HK.01876,2020-08-26 00:00:00,27.2804,26.7304,27.3804,26.5804,51.041,0.00027,3610736,97752968.0,-1.6556047740283415,27.1804
HK.01876,2020-08-27 00:00:00,27.0304,26.5804,27.0304,26.3804,50.757,0.00037,4965354,133253422.0,-0.5611588303953498,26.7304
HK.01876,2020-08-28 00:00:00,26.7804,26.5804,26.8304,25.9304,50.757,0.00042,5554360,148834634.0,0.0,26.5804
HK.01876,2020-08-31 00:00:00,26.6804,25.9304,26.8304,25.6304,49.526,0.00067,8863669,232944093.0,-2.4454109042753385,26.5804
HK.01876,2020-09-01 00:00:00,25.8804,25.3804,25.8804,25.1804,48.484,0.0008,10571426,270622138.0,-2.121062536636524,25.9304
HK.01876,2020-09-02 00:00:00,25.2804,26.0304,26.0804,24.6804,49.715,0.0009,11954359,308326092.0,2.5610313470236816,25.3804
HK.01876,2020-09-03 00:00:00,25.7304,25.6804,25.9804,25.2804,49.053,0.00048,6358348,164752217.0,-1.344581719835275,26.0304
HK.01876,2020-09-04 00:00:00,25.1304,25.0804,25.5804,24.6804,47.916,0.00089,11749703,297273925.0,-2.3364122054173526,25.6804
HK.01876,2020-09-07 00:00:00,25.1304,24.5804,25.2304,24.0804,46.969,0.0007,9258414,229215069.0,-1.993588619001292,25.0804
HK.01876,2020-09-08 00:00:00,24.8804,24.9304,25.1804,24.5804,47.632,0.00048,6406200,160643385.0,1.4238987160501777,24.5804
HK.01876,2020-09-09 00:00:00,24.5804,24.9304,25.0804,24.4304,47.632,0.00035,4665757,116929495.0,0.0,24.9304
HK.01876,2020-09-10 00:00:00,25.2304,24.2304,25.2804,24.1304,46.306,0.00046,6145623,152378999.0,-2.807816962423384,24.9304
HK.01876,2020-09-11 00:00:00,24.5804,24.8304,24.9304,23.9804,47.443,0.00039,5194445,128756027.0,2.476228209191765,24.2304
HK.01876,2020-09-14 00:00:00,24.8304,25.1804,25.3804,24.6304,48.106,0.00042,5589236,141654496.0,1.4095624718087418,24.8304
HK.01876,2020-09-15 00:00:00,25.1804,24.5804,25.1804,24.4304,46.969,0.00036,4809163,119801576.0,-2.3828056742545707,25.1804
HK.01876,2020-09-16 00:00:00,24.4804,25.0804,25.1804,24.4304,47.916,0.00028,3703439,93398591.0,2.0341410229288375,24.5804
HK.01876,2020-09-17 00:00:00,25.0804,24.3304,25.2804,24.2804,46.496,0.00058,7736094,190886321.0,-2.9903829285019374,25.0804
HK.01876,2020-09-18 00:00:00,24.5304,24.2804,24.8304,24.0804,46.401,0.00194,25741280,630744671.0,-0.20550422516687236,24.3304
HK.01876,2020-09-21 00:00:00,24.0804,23.5804,24.1804,23.4804,45.075,0.00045,5983020,143636600.0,-2.8829838058681045,24.2804
HK.01876,2020-09-22 00:00:00,23.4804,22.8804,23.5804,22.8804,43.75,0.00066,8803172,205931904.0,-2.968567115061658,23.5804
HK.01876,2020-09-23 00:00:00,22.8304,23.0304,23.3304,22.8304,44.034,0.00038,5087560,118350154.0,0.6555829443541135,22.8804
HK.01876,2020-09-24 00:00:00,22.7804,22.9804,23.3304,22.7804,43.939,0.00049,6500032,150804971.0,-0.21710434903432294,23.0304
HK.01876,2020-09-25 00:00:00,22.8804,22.8304,23.1304,22.5804,43.655,0.00046,6114712,141166597.0,-0.6527301526518189,22.9804
HK.01876,2020-09-28 00:00:00,22.7304,22.5804,23.1304,22.5804,43.181,0.00045,6015232,137878684.0,-1.0950311864881912,22.8304
HK.01876,2020-09-29 00:00:00,23.1304,22.4304,23.1304,22.3804,42.897,0.00025,3306721,75367119.0,-0.6642929266089269,22.5804
HK.01876,2020-09-30 00:00:00,22.2304,22.2804,22.8304,22.1804,42.613,0.00056,7411694,168368077.0,-0.6687352878236617,22.4304
HK.01876,2020-10-05 00:00:00,22.4304,22.5804,22.7304,22.0304,43.181,0.00038,5071409,114608187.0,1.346474928636832,22.2804
HK.01876,2020-10-06 00:00:00,22.6804,24.1804,24.4304,22.5804,46.212,0.00074,9745250,233889537.0,7.085791217161777,22.5804
HK.01876,2020-10-07 00:00:00,24.1804,24.3804,24.4304,23.5804,46.59,0.00069,9156350,223567959.0,0.8271161767381965,24.1804
HK.01876,2020-10-08 00:00:00,24.4804,24.9304,24.9804,24.3804,47.632,0.0006,7957000,198188958.0,2.2559104854719245,24.3804
HK.01876,2020-10-09 00:00:00,25.2804,25.6304,25.8804,24.8304,48.958,0.00094,12478605,321046731.0,2.8078169624233986,24.9304
HK.01876,2020-10-12 00:00:00,25.3304,24.7804,25.7304,24.5804,47.348,0.00118,15675700,396192780.0,-3.31637430551221,25.6304
HK.01876,2020-10-14 00:00:00,23.5804,23.6304,24.1304,23.5804,45.17,0.00107,14114702,338600490.0,-4.640764475149709,24.7804
HK.01876,2020-10-15 00:00:00,23.7804,23.2304,23.7804,22.7804,44.412,0.00097,12896400,301961510.0,-1.692734782314316,23.6304
HK.01876,2020-10-16 00:00:00,23.1304,23.3804,23.6304,23.0804,44.696,0.00043,5644432,133136269.0,0.6457056271093142,23.2304
HK.01876,2020-10-19 00:00:00,23.4304,23.7804,23.9304,23.3804,45.454,0.00041,5412600,129479661.0,1.710834716258056,23.3804
HK.01876,2020-10-20 00:00:00,23.8304,24.5304,24.5304,23.7804,46.875,0.00056,7389721,181077087.0,3.1538577988595646,23.7804
HK.01876,2020-10-21 00:00:00,24.5304,24.5304,24.6804,24.3304,46.875,0.00033,4357149,107879940.0,0.0,24.5304
HK.01876,2020-10-22 00:00:00,24.5804,24.5304,24.5804,23.9304,46.875,0.00019,2569752,63102776.0,0.0,24.5304
HK.01876,2020-10-23 00:00:00,24.2804,24.4304,24.7804,24.1804,46.685,0.00028,3768318,93238362.0,-0.4076574373022919,24.5304
HK.01876,2020-10-27 00:00:00,24.5304,23.9304,24.6304,23.4804,45.738,0.00058,7698863,185549018.0,-2.046630427663894,24.4304
HK.01876,2020-10-28 00:00:00,23.5304,23.5804,23.8304,23.3304,45.075,0.00062,8191784,195112400.0,-1.4625748002540613,23.9304
HK.01876,2020-10-29 00:00:00,23.5804,22.9804,23.6804,22.7304,43.939,0.00117,15447752,360947335.0,-2.544486098624287,23.5804
HK.01876,2020-10-30 00:00:00,22.5804,22.5804,23.0804,22.2804,43.181,0.00071,9339929,214618706.0,-1.7406137404048605,22.9804
HK.01876,2020-11-02 00:00:00,22.5804,21.6304,22.6304,21.3804,41.382,0.00098,13037907,286720903.0,-4.2071885351898075,22.5804
HK.01876,2020-11-03 00:00:00,22.0304,22.2804,22.2804,21.4304,42.613,0.00061,8037827,178398933.0,3.0050299578371114,21.6304
HK.01876,2020-11-04 00:00:00,22.2804,22.0304,22.4304,21.8804,42.14,0.00047,6283300,141050621.0,-1.1220624405306907,22.2804
HK.01876,2020-11-05 00:00:00,22.3304,22.7304,22.7304,21.9304,43.465,0.00071,9427784,212928969.0,3.177427554651751,22.0304
HK.01876,2020-11-06 00:00:00,22.7804,22.3304,23.2304,22.2804,42.708,0.00077,10261797,234565564.0,-1.7597578573188266,22.7304
HK.01876,2020-11-09 00:00:00,22.4804,22.5304,22.6304,22.2804,43.087,0.00066,8700464,197851324.0,0.8956400243614054,22.3304
HK.01876,2020-11-10 00:00:00,24.6304,25.2304,25.5804,23.5304,48.2,0.00252,33424035,827057756.0,11.983808543123954,22.5304
HK.01876,2020-11-11 00:00:00,25.2304,24.0804,25.2804,23.8804,46.022,0.00082,10882313,268229125.0,-4.557993531612652,25.2304
HK.01876,2020-11-12 00:00:00,24.0304,24.4804,24.6804,23.8304,46.78,0.00075,9995821,246018302.0,1.6611019750502425,24.0804
HK.01876,2020-11-13 00:00:00,24.5804,24.4804,24.7804,24.1304,46.78,0.00073,9669908,238654027.0,0.0,24.4804
HK.01876,2020-11-16 00:00:00,26.5804,25.9304,26.5804,25.3804,49.526,0.00298,39490926,1034043754.0,5.9231058316040555,24.4804
HK.01876,2020-11-17 00:00:00,25.9804,25.1304,26.0304,24.9804,48.011,0.00112,14865064,378339158.0,-3.0851818714713124,25.9304
HK.01876,2020-11-18 00:00:00,25.0304,25.3804,25.7804,25.0304,48.484,0.00079,10475763,268227936.0,0.9948110654824436,25.1304
HK.01876,2020-11-19 00:00:00,25.4304,26.7804,27.0304,25.3304,51.136,0.00205,27115024,725471097.0,5.516067516666398,25.3804
HK.01876,2020-11-20 00:00:00,26.7804,27.2804,27.6804,26.5804,52.083,0.00216,28644174,786299498.0,1.8670370868246928,26.7804
HK.01876,2020-11-23 00:00:00,27.6804,28.9304,29.0804,27.6304,55.208,0.00194,25650633,741231768.0,6.048298412046739,27.2804
HK.01876,2020-11-24 00:00:00,29.0804,28.0304,29.2804,27.9804,53.503,0.00097,12782092,363587670.0,-3.1109144705914837,28.9304
HK.01876,2020-11-25 00:00:00,28.0304,27.1804,28.4804,27.0304,51.893,0.00086,11387931,314752122.0,-3.0324219418916654,28.0304
HK.01876,2020-11-26 00:00:00,27.8804,27.4304,28.4804,27.2304,52.367,0.00096,12723022,354353775.0,0.9197804300157467,27.1804
HK.01876,2020-11-27 00:00:00,27.4304,27.5304,27.8304,27.1804,52.556,0.0004,5345029,148601356.0,0.36455902939804535,27.4304
HK.01876,2020-11-30 00:00:00,27.3804,26.4804,27.4804,26.2804,50.568,0.00129,17114634,460880593.0,-3.8139656525150403,27.5304
HK.01876,2020-12-01 00:00:00,26.9804,27.2304,27.3304,26.6304,51.988,0.00083,11043432,301703843.0,2.832283500249241,26.4804
HK.01876,2020-12-02 00:00:00,27.2304,27.7304,27.7304,26.8804,52.935,0.00094,12503441,345928193.0,1.8361830894882192,27.2304
HK.01876,2020-12-03 00:00:00,27.7304,27.4304,28.1804,27.2804,52.367,0.00079,10411206,289878224.0,-1.0818451951648758,27.7304
HK.01876,2020-12-04 00:00:00,27.6304,26.8304,27.9804,26.7804,51.231,0.00397,52524322,1429062325.0,-2.1873541763882334,27.4304
HK.01876,2020-12-07 00:00:00,26.7804,26.6304,27.4304,26.3304,50.852,0.00212,28120171,759116256.0,-0.7454231021527792,26.8304
HK.01876,2020-12-08 00:00:00,26.5804,25.9304,26.7804,25.8304,49.526,0.00079,10521604,276982955.0,-2.628574861812075,26.6304
HK.01876,2020-12-09 00:00:00,25.7804,26.1804,26.3304,25.7804,50.0,0.00058,7703514,202959028.0,0.9641193348347886,25.9304
HK.01876,2020-12-10 00:00:00,25.8304,26.2304,26.3304,25.6804,50.094,0.00041,5365754,141475737.0,0.19098256711127679,26.1804
HK.01876,2020-12-11 00:00:00,26.4804,26.5804,27.0304,26.3304,50.757,0.0006,7967680,213460806.0,1.3343296327924905,26.2304
HK.01876,2020-12-14 00:00:00,26.8804,26.4304,26.8804,26.2304,50.473,0.00067,8891393,238091698.0,-0.5643255932943151,26.5804
HK.01876,2020-12-15 00:00:00,26.2304,26.3804,26.5304,26.1804,50.378,0.00069,9142141,243451514.0,-0.1891761002481883,26.4304
HK.01876,2020-12-16 00:00:00,26.3804,26.7804,26.7804,26.3304,51.136,0.0007,9228522,247050643.0,1.5162772361298487,26.3804
HK.01876,2020-12-17 00:00:00,26.2804,25.7304,26.2804,25.1804,49.147,0.00122,16183340,419232540.0,-3.920777882331857,26.7804
HK.01876,2020-12-18 00:00:00,25.3804,25.5804,25.6304,24.8304,48.863,0.00084,11077060,284093859.0,-0.582968006715786,25.7304
HK.01876,2020-12-21 00:00:00,25.3304,25.3804,25.8804,25.1804,48.484,0.00063,8379713,216120909.0,-0.781848602836544,25.5804
HK.01876,2020-12-22 00:00:00,25.3804,24.9304,25.3804,24.5804,47.632,0.00072,9500467,238932665.0,-1.7730217017856411,25.3804
HK.01876,2020-12-23 00:00:00,25.1804,24.5804,25.2304,24.3304,46.969,0.0005,6572810,163668345.0,-1.4039084812116849,24.9304
HK.01876,2020-12-24 00:00:00,24.7804,24.9804,25.0804,24.5804,47.727,0.00022,2854700,71588503.0,1.6273128183430643,24.5804
HK.01876,2020-12-28 00:00:00,24.9804,24.5304,25.2804,24.5304,46.875,0.00038,4970300,123901770.0,-1.8014123072488804,24.9804
HK.01876,2020-12-29 00:00:00,24.5304,24.2304,24.5304,23.9804,46.306,0.00032,4198207,102338728.0,-1.2229723119068614,24.5304
HK.01876,2020-12-30 00:00:00,24.2304,25.1304,25.2304,24.1804,48.011,0.00043,5743300,144432805.0,3.7143423137876477,24.2304
HK.01876,2020-12-31 00:00:00,25.2804,25.3804,25.5804,25.1304,48.484,0.0003,3929274,100713053.0,0.9948110654824436,25.1304
HK.01876,2021-01-04 00:00:00,25.7304,24.9304,25.7304,24.7804,47.632,0.00048,6346900,160168570.0,-1.7730217017856411,25.3804
HK.01876,2021-01-05 00:00:00,24.7304,26.0804,26.1304,24.3804,49.81,0.00108,14290957,367553351.0,4.612842152552715,24.9304
HK.01876,2021-01-06 00:00:00,26.3804,25.6804,26.9804,25.5804,49.053,0.00096,12682357,334992462.0,-1.5337188079937507,26.0804
HK.01876,2021-01-07 00:00:00,25.6804,25.2804,25.8304,25.2804,48.295,0.00061,8134682,209559792.0,-1.5576081369449017,25.6804
HK.01876,2021-01-08 00:00:00,25.2804,26.1304,26.2804,25.1304,49.905,0.00081,10749909,280812866.0,3.36228857138337,25.2804
HK.01876,2021-01-11 00:00:00,26.1304,25.4304,26.2304,25.2804,48.579,0.00046,6140724,157848531.0,-2.6788721182990036,26.1304
HK.01876,2021-01-12 00:00:00,25.4304,25.3804,25.5304,25.0304,48.484,0.00031,4045337,103131489.0,-0.19661507487100932,25.4304
HK.01876,2021-01-13 00:00:00,25.3804,24.6804,25.3804,24.6304,47.159,0.0005,6677868,167767934.0,-2.758033758333213,25.3804
HK.01876,2021-01-14 00:00:00,24.6804,24.5304,24.7304,24.2804,46.875,0.00045,6009903,148561135.0,-0.6077697282053718,24.6804
HK.01876,2021-01-15 00:00:00,24.7304,24.1804,24.7304,24.0304,46.212,0.00079,10417026,254336084.0,-1.4268010305580072,24.5304
HK.01876,2021-01-18 00:00:00,23.9804,24.1804,24.2804,23.3804,46.212,0.00105,13863559,333981432.0,0.0,24.1804
HK.01876,2021-01-19 00:00:00,24.0804,24.8304,25.1804,23.8804,47.443,0.0013,17261958,430448967.0,2.688127574399109,24.1804
HK.01876,2021-01-20 00:00:00,24.6304,24.8804,25.4804,24.4804,47.537,0.00054,7119600,179493027.0,0.20136606740125293,24.8304
HK.01876,2021-01-21 00:00:00,25.1804,24.2304,25.2304,24.1304,46.306,0.00069,9174811,225892058.0,-2.6124981913474143,24.8804
HK.01876,2021-01-22 00:00:00,24.1304,23.9304,24.1804,23.7304,45.738,0.00056,7454946,179833827.0,-1.2381141045958826,24.2304
HK.01876,2021-01-25 00:00:00,23.9304,24.5304,24.5804,23.3804,46.875,0.00086,11323724,275444055.0,2.5072710861498404,23.9304
HK.01876,2021-01-26 00:00:00,24.5304,24.6804,24.9804,24.1304,47.159,0.00083,11038266,274098189.0,0.6114861559534234,24.5304
HK.01876,2021-01-27 00:00:00,25.1804,25.5304,25.8804,25.1804,48.768,0.00095,12568938,322579931.0,3.444028459830479,24.6804
HK.01876,2021-01-28 00:00:00,25.5304,26.7804,27.7804,25.3304,51.136,0.00239,31598988,852374355.0,4.896123836680976,25.5304
HK.01876,2021-01-29 00:00:00,26.7804,25.8304,26.7804,25.4804,49.337,0.00134,17767456,464975762.0,-3.5473704649669133,26.7804
HK.01876,2021-02-01 00:00:00,25.6304,25.4304,25.7804,25.2804,48.579,0.00052,6923486,178166741.0,-1.5485629335976296,25.8304
HK.01876,2021-02-02 00:00:00,25.4304,25.6804,26.2804,25.1804,49.053,0.00086,11404186,296402091.0,0.9830753743551026,25.4304
HK.01876,2021-02-03 00:00:00,25.6804,24.9804,25.7304,24.6804,47.727,0.00058,7727700,195103800.0,-2.725814239653585,25.6804
HK.01876,2021-02-04 00:00:00,24.9804,24.5304,24.9804,24.2804,46.875,0.00101,13320743,331349172.0,-1.8014123072488804,24.9804
HK.01876,2021-02-05 00:00:00,24.3304,24.2304,24.7304,24.0304,46.306,0.00049,6515533,159767548.0,-1.2229723119068614,24.5304
HK.01876,2021-02-08 00:00:00,24.3304,24.1304,24.6304,24.0304,46.117,0.00057,7545740,184199707.0,-0.41270470153195105,24.2304
HK.01876,2021-02-09 00:00:00,24.0304,25.2804,25.3804,23.9804,48.295,0.0007,9239978,231946857.0,4.765772635347937,24.1304
HK.01876,2021-02-10 00:00:00,25.2804,25.9304,26.5304,24.9304,49.526,0.00096,12672003,331084218.0,2.5711618487049197,25.2804
HK.01876,2021-02-11 00:00:00,25.5804,25.9804,26.1804,25.5804,49.621,0.00024,3215488,84134357.0,0.19282386696696047,25.9304
HK.01876,2021-02-16 00:00:00,26.0804,26.4804,26.7804,25.9804,50.568,0.00082,10897742,289764465.0,1.9245277208972917,25.9804
HK.01876,2021-02-17 00:00:00,26.4804,26.7304,26.9304,25.8304,51.041,0.0006,7901830,211169663.0,0.9440945000830804,26.4804
HK.01876,2021-02-18 00:00:00,26.9304,26.3804,26.9804,25.9304,50.378,0.00044,5798856,154200100.0,-1.3093706042558206,26.7304
HK.01876,2021-02-19 00:00:00,26.8804,26.9804,27.2304,26.4304,51.515,0.00058,7655000,207491702.0,2.2744158541947725,26.3804
HK.01876,2021-02-22 00:00:00,27.5804,27.0304,27.7804,26.8804,51.609,0.00093,12336039,338849959.0,0.18531971356985333,26.9804
HK.01876,2021-02-23 00:00:00,27.1804,26.8304,27.1804,26.5304,51.231,0.00044,5785388,156701015.0,-0.7399076595240888,27.0304
HK.01876,2021-02-24 00:00:00,27.0804,26.9804,27.4304,26.6804,51.515,0.00107,14177441,386074569.0,0.5590673266145811,26.8304
HK.01876,2021-02-25 00:00:00,26.5804,24.9804,27.5304,24.7304,47.727,0.00133,17618000,455458627.0,-7.412788542794028,26.9804
HK.01876,2021-02-26 00:00:00,24.8804,23.4804,24.8804,23.3804,78.737,0.0013,17281848,416894569.0,-6.00470769082961,24.9804
HK.01876,2021-03-01 00:00:00,23.5304,23.6804,23.7804,22.9804,79.401,0.00118,15577649,368289881.0,0.8517742457539024,23.4804
HK.01876,2021-03-02 00:00:00,23.5304,23.1804,23.7304,23.0304,77.74,0.00067,8893669,208959865.0,-2.111450820087499,23.6804
HK.01876,2021-03-03 00:00:00,23.4804,23.3304,23.5304,22.9804,78.239,0.0005,6683470,156560243.0,0.6470984107263125,23.1804
HK.01876,2021-03-04 00:00:00,22.8304,22.4804,23.0304,22.2804,75.415,0.00057,7549784,171950675.0,-3.6433151596200726,23.3304
HK.01876,2021-03-05 00:00:00,22.3304,22.8804,23.0304,21.9804,76.744,0.00086,11447121,261954009.0,1.7793277699685153,22.4804
HK.01876,2021-03-08 00:00:00,22.9304,22.1804,22.9804,22.0304,74.418,0.00067,8872469,199613774.0,-3.059387073652571,22.8804
HK.01876,2021-03-09 00:00:00,22.5804,22.9304,23.2304,22.1304,76.91,0.00066,8701781,201085579.0,3.381363726533336,22.1804
HK.01876,2021-03-10 00:00:00,22.9304,23.3304,23.3304,22.7804,78.239,0.00053,6987609,163460511.0,1.7444091686145997,22.9304
HK.01876,2021-03-11 00:00:00,23.3304,23.3304,23.6804,23.0304,78.239,0.00036,4779072,112613768.0,0.0,23.3304
HK.01876,2021-03-12 00:00:00,23.5304,22.9304,23.6804,22.8304,76.91,0.00056,7459880,174249033.0,-1.7145012515859228,23.3304
HK.01876,2021-03-15 00:00:00,22.7804,22.6304,23.1304,22.4804,75.913,0.00029,3892731,88947530.0,-1.3083068764609302,22.9304
HK.01876,2021-03-16 00:00:00,22.8804,22.7304,23.0304,22.5304,76.245,0.00034,4452984,102421626.0,0.4418834841628865,22.6304
HK.01876,2021-03-17 00:00:00,22.6804,23.7804,23.8804,22.4804,79.734,0.00064,8443737,200953252.0,4.61936437546194,22.7304
HK.01876,2021-03-18 00:00:00,24.0304,24.2304,24.5804,23.7804,81.229,0.00077,10203282,249194706.0,1.8923146793157362,23.7804
HK.01876,2021-03-19 00:00:00,24.1304,24.3804,24.3804,23.5304,81.727,0.00074,9762038,237847364.0,0.6190570522979486,24.2304
HK.01876,2021-03-22 00:00:00,23.9804,23.4304,24.3804,23.3804,78.571,0.00033,4405399,105071418.0,-3.8965726567242656,24.3804
HK.01876,2021-03-23 00:00:00,23.3304,23.8804,23.8804,23.1304,80.066,0.00043,5655899,134749543.0,1.9205818082491246,23.4304
HK.01876,2021-03-24 00:00:00,23.4304,23.0304,23.7304,22.9804,77.242,0.00042,5580634,130522008.0,-3.5594043650860177,23.8804
HK.01876,2021-03-25 00:00:00,22.9304,23.1804,23.3304,22.5804,77.74,0.00042,5541605,128996698.0,0.6513130471029533,23.0304
HK.01876,2021-03-26 00:00:00,23.1304,23.3304,23.4804,22.9804,78.239,0.00036,4708150,110725369.0,0.6470984107263125,23.1804
HK.01876,2021-03-29 00:00:00,22.8804,23.1804,23.5304,22.8304,77.74,0.0002,2619062,61129689.0,-0.6429379693447267,23.3304
HK.01876,2021-03-30 00:00:00,23.1304,23.2304,23.6804,22.9804,77.906,0.00033,4344144,102378439.0,0.21569947024210417,23.1804
HK.01876,2021-03-31 00:00:00,23.3304,22.9804,23.4304,22.8804,77.076,0.00035,4688399,109213450.0,-1.0761760451821751,23.2304
HK.01876,2021-04-01 00:00:00,23.0804,23.2304,23.2804,22.4304,77.906,0.00049,6478276,150635236.0,1.0878835877530417,22.9804
HK.01876,2021-04-07 00:00:00,23.5804,23.8304,24.3304,23.4804,79.9,0.00085,11223201,270120615.0,2.5828225084372263,23.2304
HK.01876,2021-04-08 00:00:00,23.8304,24.6804,24.7804,23.7804,82.724,0.00061,8135716,201791911.0,3.566872566134004,23.8304
HK.01876,2021-04-09 00:00:00,24.8304,24.3804,25.1804,24.2804,81.727,0.00054,7096062,176484020.0,-1.2155394564107436,24.6804
HK.01876,2021-04-12 00:00:00,24.5804,23.8304,24.5804,23.5304,79.9,0.00032,4284555,102707326.0,-2.255910485471939,24.3804
HK.01876,2021-04-13 00:00:00,23.8304,23.6804,24.1804,23.3804,79.401,0.00043,5648459,135555307.0,-0.6294480999060114,23.8304
HK.01876,2021-04-14 00:00:00,23.9804,23.9304,24.2304,23.7804,80.232,0.00023,3004342,72663903.0,1.0557254100437494,23.6804
HK.01876,2021-04-15 00:00:00,24.0804,23.6804,24.2804,23.5804,79.401,0.00024,3115301,74616201.0,-1.0446962858957645,23.9304
HK.01876,2021-04-16 00:00:00,23.6804,24.1304,24.1804,23.6304,80.897,0.00027,3542449,85732316.0,1.9003057380787607,23.6804
HK.01876,2021-04-19 00:00:00,24.1304,24.2804,24.3804,23.8304,81.395,0.00036,4783406,116565897.0,0.6216225176540736,24.1304
HK.01876,2021-04-20 00:00:00,24.0304,24.3304,24.4304,23.8804,81.561,0.00036,4731947,115531995.0,0.20592741470486778,24.2804
HK.01876,2021-04-21 00:00:00,24.2804,24.2804,24.3304,23.7304,81.395,0.00029,3802427,92371376.0,-0.20550422516687236,24.3304
HK.01876,2021-04-22 00:00:00,24.2804,24.8804,25.0304,23.9304,83.388,0.0005,6683926,165149312.0,2.4711289764583837,24.2804
HK.01876,2021-04-23 00:00:00,24.9804,25.5304,26.0804,24.7304,85.548,0.00065,8613407,222848200.0,2.6124981913474,24.8804
HK.01876,2021-04-26 00:00:00,25.3804,24.8304,25.4804,24.5304,83.222,0.00037,4897781,122938256.0,-2.741829348541344,25.5304
HK.01876,2021-04-27 00:00:00,24.8304,24.3804,24.9804,24.3304,81.727,0.00027,3521757,87345462.0,-1.8122946066112477,24.8304
HK.01876,2021-04-28 00:00:00,24.4804,24.1304,24.5804,24.0304,80.897,0.00037,4839423,118538800.0,-1.0254138570326983,24.3804
HK.01876,2021-04-29 00:00:00,24.1304,25.1804,25.5304,24.1304,84.385,0.0004,5242746,132591973.0,4.3513576235785445,24.1304
HK.01876,2021-04-30 00:00:00,25.1304,24.3304,25.3304,24.2804,81.561,0.00034,4448682,109665591.0,-3.3756413718606453,25.1804
HK.01876,2021-05-03 00:00:00,24.3804,24.1804,24.4304,23.9304,81.063,0.00027,3581762,87473456.0,-0.6165126755006171,24.3304
HK.01876,2021-05-04 00:00:00,24.1304,24.0804,24.2804,23.8804,80.73,0.00013,1761010,42759905.0,-0.4135580883690836,24.1804
HK.01876,2021-05-05 00:00:00,24.1304,24.0804,24.5804,23.9804,80.73,0.00019,2515697,61317551.0,0.0,24.0804
HK.01876,2021-05-06 00:00:00,25.7804,25.2804,26.2804,24.7804,84.717,0.00157,20735293,533449770.0,4.9833059251507414,24.0804
HK.01876,2021-05-07 00:00:00,25.4804,25.8804,26.4804,25.3804,86.71,0.00088,11674291,306241828.0,2.3733801680353213,25.2804
HK.01876,2021-05-10 00:00:00,26.1304,26.0304,26.2804,25.6304,87.209,0.00041,5422924,142232526.0,0.5795891871841183,25.8804
HK.01876,2021-05-11 00:00:00,25.9304,25.9804,26.2804,25.4304,87.043,0.00046,6097701,159246526.0,-0.19208310283361266,26.0304
HK.01876,2021-05-12 00:00:00,26.0304,26.3304,26.4304,25.5804,88.205,0.00051,6735838,177750487.0,1.3471694046281097,25.9804
HK.01876,2021-05-13 00:00:00,26.3304,26.4804,26.5804,25.9304,88.704,0.00041,5456075,144615230.0,0.5696837116033124,26.3304
HK.01876,2021-05-14 00:00:00,26.7304,27.2304,27.5804,26.6304,91.196,0.0011,14586757,399323189.0,2.832283500249241,26.4804
HK.01876,2021-05-17 00:00:00,27.0,26.7,27.15,26.4,88.704,0.00052,6914701,185307247.0,-1.9478230213291037,27.2304
HK.01876,2021-05-18 00:00:00,26.95,26.95,27.15,26.45,89.534,0.00036,4805776,128887123.0,0.9363295880149813,26.7
HK.01876,2021-05-20 00:00:00,26.5,26.15,26.75,25.9,86.877,0.00061,8095576,212004403.0,-2.968460111317257,26.95
HK.01876,2021-05-21 00:00:00,26.15,25.9,26.2,25.7,86.046,0.00056,7457733,193163441.0,-0.9560229445506693,26.15
HK.01876,2021-05-24 00:00:00,26.0,26.45,26.45,25.8,87.873,0.0004,5338379,139791277.0,2.1235521235521264,25.9
HK.01876,2021-05-25 00:00:00,26.3,27.25,27.3,26.3,90.531,0.00047,6232109,168654236.0,3.0245746691871482,26.45
HK.01876,2021-05-26 00:00:00,27.05,27.1,27.45,26.9,90.033,0.00044,5813324,158169407.0,-0.5504587155963251,27.25
HK.01876,2021-05-27 00:00:00,27.25,27.0,27.4,26.8,89.7,0.00097,12799717,345772801.0,-0.3690036900369056,27.1
HK.01876,2021-05-28 00:00:00,27.0,26.7,27.05,26.5,88.704,0.00028,3674007,98312115.0,-1.1111111111111138,27.0
HK.01876,2021-05-31 00:00:00,26.6,26.35,26.6,26.15,87.541,0.00046,6058293,159325851.0,-1.3108614232209659,26.7
HK.01876,2021-06-01 00:00:00,26.45,26.3,26.9,26.1,87.375,0.00035,4591292,121052135.0,-0.18975332068311465,26.35
HK.01876,2021-06-02 00:00:00,26.2,26.2,26.35,25.95,87.043,0.00034,4466180,116771249.0,-0.38022813688213464,26.3
HK.01876,2021-06-03 00:00:00,26.05,26.05,26.35,25.75,86.544,0.00041,5386242,140038757.0,-0.5725190839694603,26.2
HK.01876,2021-06-04 00:00:00,26.0,25.75,26.05,25.0,85.548,0.00093,12349756,314696935.0,-1.151631477927066,26.05
HK.01876,2021-06-07 00:00:00,26.0,26.3,26.4,25.55,87.375,0.00041,5375182,140082895.0,2.13592233009709,25.75
HK.01876,2021-06-08 00:00:00,26.8,25.65,27.05,25.55,85.215,0.0008,10583434,274919709.0,-2.4714828897338483,26.3
HK.01876,2021-06-09 00:00:00,25.6,25.95,26.1,25.55,86.212,0.00045,5905767,153222619.0,1.1695906432748566,25.65
HK.01876,2021-06-10 00:00:00,26.05,25.75,26.3,25.65,85.548,0.00037,4847938,125598527.0,-0.7707129094412304,25.95
HK.01876,2021-06-11 00:00:00,26.2,26.25,26.3,25.8,87.209,0.00036,4728977,123510492.0,1.9417475728155338,25.75
HK.01876,2021-06-15 00:00:00,26.05,26.1,26.3,25.7,86.71,0.00028,3773423,98366962.0,-0.5714285714285661,26.25
HK.01876,2021-06-16 00:00:00,25.7,24.9,26.0,24.85,82.724,0.00078,10328108,259833588.0,-4.597701149425298,26.1
HK.01876,2021-06-17 00:00:00,24.5,25.15,25.5,24.5,83.554,0.00051,6789295,170789068.0,1.0040160642570282,24.9
HK.01876,2021-06-18 00:00:00,25.15,24.65,25.35,24.55,81.893,0.00055,7336074,181804448.0,-1.9880715705765408,25.15
HK.01876,2021-06-21 00:00:00,24.35,24.35,24.85,24.25,80.897,0.00056,7441498,182391131.0,-1.217038539553741,24.65
HK.01876,2021-06-22 00:00:00,24.35,24.05,24.55,24.0,79.9,0.0005,6596040,159872220.0,-1.2320328542094483,24.35
HK.01876,2021-06-23 00:00:00,24.05,24.25,24.5,23.8,80.564,0.00049,6537531,158121064.0,0.8316008316008286,24.05
HK.01876,2021-06-24 00:00:00,24.35,24.5,24.75,24.3,81.395,0.00038,5013438,122866047.0,1.0309278350515463,24.25
HK.01876,2021-06-25 00:00:00,24.8,25.55,25.85,24.8,84.883,0.00063,8342557,212743693.0,4.285714285714288,24.5
HK.01876,2021-06-28 00:00:00,25.6,25.1,25.95,25.0,83.388,0.00025,3279295,82925012.0,-1.76125244618395,25.55
HK.01876,2021-06-29 00:00:00,24.9,24.8,25.5,24.7,82.392,0.00032,4226147,105320879.0,-1.1952191235059788,25.1
HK.01876,2021-06-30 00:00:00,24.9,24.5,25.15,24.4,81.395,0.00022,2962900,72865762.0,-1.2096774193548416,24.8
HK.01876,2021-07-02 00:00:00,23.9,24.05,24.1,23.5,79.9,0.00071,9401742,224273555.0,-1.8367346938775482,24.5
HK.01876,2021-07-05 00:00:00,23.75,24.15,24.25,23.75,80.232,0.00018,2320542,55976610.0,0.4158004158004069,24.05
HK.01876,2021-07-06 00:00:00,24.25,24.15,24.3,23.85,80.232,0.00031,4042900,97417697.0,0.0,24.15
HK.01876,2021-07-07 00:00:00,24.05,24.25,24.3,23.75,80.564,0.00049,6460467,155281927.0,0.4140786749482461,24.15
HK.01876,2021-07-08 00:00:00,24.2,23.75,24.45,23.55,78.903,0.00044,5844971,138813681.0,-2.0618556701030926,24.25
HK.01876,2021-07-09 00:00:00,23.75,23.6,23.8,23.2,78.405,0.0005,6568295,154166677.0,-0.631578947368415,23.75
HK.01876,2021-07-12 00:00:00,23.6,24.0,24.05,23.45,79.734,0.00085,11284211,268515734.0,1.6949152542372818,23.6
HK.01876,2021-07-13 00:00:00,24.4,24.2,24.6,23.85,80.398,0.00067,8841665,213904797.0,0.8333333333333304,24.0
HK.01876,2021-07-14 00:00:00,24.25,24.6,24.95,24.0,81.727,0.00036,4831883,118623189.0,1.6528925619834798,24.2
HK.01876,2021-07-15 00:00:00,24.6,24.35,24.7,24.05,80.897,0.00053,6987190,169365181.0,-1.0162601626016259,24.6
HK.01876,2021-07-16 00:00:00,24.35,24.5,25.0,24.05,81.395,0.00041,5455683,133952668.0,0.6160164271047169,24.35
HK.01876,2021-07-19 00:00:00,24.45,24.15,24.45,24.0,80.232,0.00123,16261265,395343012.0,-1.4285714285714344,24.5
HK.01876,2021-07-20 00:00:00,24.15,24.2,24.45,23.9,80.398,0.00019,2560709,61780426.0,0.20703933747412304,24.15
HK.01876,2021-07-21 00:00:00,24.05,24.35,24.45,23.9,80.897,0.00108,14269522,344888352.0,0.6198347107438105,24.2
HK.01876,2021-07-22 00:00:00,24.4,24.3,24.75,24.25,80.73,0.00038,5012578,122401223.0,-0.2053388090349105,24.35
HK.01876,2021-07-23 00:00:00,24.3,24.2,24.3,23.8,80.398,0.0004,5331018,127913290.0,-0.4115226337448618,24.3
HK.01876,2021-07-26 00:00:00,23.8,23.8,24.0,23.5,79.069,0.00049,6520765,154722507.0,-1.6528925619834651,24.2
HK.01876,2021-07-27 00:00:00,24.2,22.7,24.5,22.4,75.415,0.00107,14163724,331761786.0,-4.621848739495804,23.8
HK.01876,2021-07-28 00:00:00,22.95,23.0,23.25,22.7,76.411,0.00119,15820355,362806145.0,1.3215859030837036,22.7
HK.01876,2021-07-29 00:00:00,23.0,22.3,23.0,21.25,74.086,0.00215,28447093,626292941.0,-3.0434782608695623,23.0
HK.01876,2021-07-30 00:00:00,21.75,21.7,22.2,21.0,72.093,0.00126,16705818,359292735.0,-2.690582959641262,22.3
HK.01876,2021-08-02 00:00:00,21.7,21.7,21.85,20.8,72.093,0.00097,12903756,276812000.0,0.0,21.7
HK.01876,2021-08-03 00:00:00,21.45,21.75,21.9,21.1,72.259,0.00049,6522894,140426476.0,0.2304147465437821,21.7
HK.01876,2021-08-04 00:00:00,21.7,21.35,21.75,21.2,70.93,0.00043,5726118,122814124.0,-1.8390804597701083,21.75
HK.01876,2021-08-05 00:00:00,21.35,21.0,21.45,20.9,69.767,0.00053,6999285,147929961.0,-1.6393442622950887,21.35
HK.01876,2021-08-06 00:00:00,21.0,21.1,21.25,20.6,70.099,0.00029,3778466,79289609.0,0.476190476190483,21.0
HK.01876,2021-08-09 00:00:00,20.65,21.4,21.45,20.65,71.096,0.00029,3903921,82763427.0,1.421800947867285,21.1
HK.01876,2021-08-10 00:00:00,21.3,21.65,21.9,21.1,71.926,0.00039,5223991,112738663.0,1.1682242990654208,21.4
HK.01876,2021-08-11 00:00:00,21.2,21.45,21.5,21.05,71.262,0.00039,5165503,109966358.0,-0.9237875288683571,21.65
HK.01876,2021-08-12 00:00:00,21.2,21.3,21.55,21.1,70.764,0.00036,4803541,102482647.0,-0.6993006993006927,21.45
HK.01876,2021-08-13 00:00:00,21.0,21.0,21.35,20.7,69.767,0.00038,5011646,104997167.0,-1.4084507042253553,21.3
HK.01876,2021-08-16 00:00:00,21.0,21.35,21.45,20.95,70.93,0.00027,3608042,76722141.0,1.6666666666666736,21.0
HK.01876,2021-08-17 00:00:00,21.6,20.8,21.6,20.7,69.102,0.00046,6115309,127524928.0,-2.5761124121779893,21.35
HK.01876,2021-08-18 00:00:00,20.7,21.0,21.3,20.7,69.767,0.00024,3123122,65748805.0,0.9615384615384581,20.8
HK.01876,2021-08-19 00:00:00,21.15,20.1,21.15,19.92,66.777,0.00052,6842048,138545489.0,-4.2857142857142785,21.0
HK.01876,2021-08-20 00:00:00,20.1,19.56,20.2,19.46,64.983,0.00056,7441588,146104935.0,-2.6865671641791176,20.1
HK.01876,2021-08-23 00:00:00,20.0,19.56,20.05,19.44,64.983,0.00047,6169735,121132580.0,0.0,19.56
HK.01876,2021-08-24 00:00:00,19.56,19.6,19.66,19.28,65.116,0.00084,11175187,218247602.0,0.20449897750512627,19.56
HK.01876,2021-08-25 00:00:00,19.5,19.74,20.2,19.5,65.581,0.00082,10876895,214757179.0,0.714285714285699,19.6
HK.01876,2021-08-26 00:00:00,19.68,19.34,19.9,19.16,64.252,0.00066,8794003,170757043.0,-2.02634245187436,19.74
HK.01876,2021-08-27 00:00:00,19.2,19.38,19.58,19.2,64.385,0.00071,9357994,180561637.0,0.20682523267838235,19.34
HK.01876,2021-08-30 00:00:00,19.2,19.36,19.4,19.0,64.318,0.00044,5789432,111658424.0,-0.10319917440660255,19.38
HK.01876,2021-08-31 00:00:00,19.02,19.46,19.52,18.84,64.651,0.00153,20211218,387977610.0,0.5165289256198421,19.36
HK.01876,2021-09-01 00:00:00,19.36,19.68,19.76,19.18,65.382,0.00151,20039785,391537565.0,1.13052415210688,19.46
HK.01876,2021-09-02 00:00:00,19.72,19.68,19.88,19.46,65.382,0.00046,6120800,120266171.0,0.0,19.68
HK.01876,2021-09-03 00:00:00,19.6,19.68,19.82,19.3,65.382,0.00074,9781088,192296819.0,0.0,19.68
HK.01876,2021-09-06 00:00:00,19.44,19.92,20.05,19.44,66.179,0.00038,5080523,100769812.0,1.2195121951219614,19.68
HK.01876,2021-09-07 00:00:00,19.8,19.46,19.86,19.4,64.651,0.00027,3543592,69279431.0,-2.309236947791169,19.92
HK.01876,2021-09-08 00:00:00,19.22,19.46,19.48,19.22,64.651,0.00046,6067339,117751088.0,0.0,19.46
HK.01876,2021-09-09 00:00:00,19.22,18.78,19.26,18.68,62.392,0.00057,7518099,142186137.0,-3.4943473792394637,19.46
HK.01876,2021-09-10 00:00:00,18.88,19.14,19.24,18.54,63.588,0.00081,10685943,202082888.0,1.9169329073482395,18.78
HK.01876,2021-09-13 00:00:00,19.1,18.56,19.16,18.36,61.661,0.00059,7795964,145345675.0,-3.0303030303030396,19.14
HK.01876,2021-09-14 00:00:00,18.56,18.5,18.88,18.46,61.461,0.00058,7684873,143255537.0,-0.32327586206895864,18.56
HK.01876,2021-09-15 00:00:00,18.56,18.34,18.84,18.18,60.93,0.00062,8226397,151884944.0,-0.8648648648648656,18.5
HK.01876,2021-09-16 00:00:00,18.7,18.56,18.96,18.32,61.661,0.00048,6358372,118193044.0,1.199563794983636,18.34
HK.01876,2021-09-17 00:00:00,18.56,19.18,19.18,18.5,63.72,0.0009,11890746,225732366.0,3.340517241379316,18.56
HK.01876,2021-09-20 00:00:00,19.0,18.94,19.16,18.82,62.923,0.00041,5438697,103146713.0,-1.2513034410844548,19.18
HK.01876,2021-09-21 00:00:00,18.8,18.98,19.12,18.58,63.056,0.00036,4751562,90090485.0,0.21119324181625734,18.94
HK.01876,2021-09-23 00:00:00,19.22,19.2,19.36,18.82,63.787,0.00063,8292040,158392365.0,1.1591148577449888,18.98
HK.01876,2021-09-24 00:00:00,19.2,19.24,19.48,19.1,63.92,0.00063,8279334,159725332.0,0.2083333333333289,19.2
HK.01876,2021-09-27 00:00:00,19.28,19.5,19.76,19.12,64.784,0.00086,11418994,221909578.0,1.3513513513513595,19.24
HK.01876,2021-09-28 00:00:00,19.52,19.42,19.62,19.24,64.518,0.00063,8298722,161113010.0,-0.41025641025640147,19.5
HK.01876,2021-09-29 00:00:00,19.18,19.82,19.86,19.1,65.847,0.00044,5762421,112939364.0,2.0597322348094673,19.42
HK.01876,2021-09-30 00:00:00,19.7,19.74,19.92,19.56,65.581,0.00072,9530586,187903831.0,-0.4036326942482434,19.82
HK.01876,2021-10-04 00:00:00,19.7,19.82,20.1,19.46,65.847,0.00058,7680543,152161639.0,0.4052684903748828,19.74
HK.01876,2021-10-05 00:00:00,19.58,20.0,20.2,19.54,66.445,0.00134,17779216,351995832.0,0.9081735620585252,19.82
HK.01876,2021-10-06 00:00:00,20.0,19.92,20.2,19.66,66.179,0.00058,7627874,151548369.0,-0.39999999999999153,20.0
HK.01876,2021-10-07 00:00:00,20.25,20.65,20.8,20.1,68.604,0.00049,6521900,134137573.0,3.6646586345381365,19.92
HK.01876,2021-10-08 00:00:00,20.65,20.35,21.2,20.3,67.607,0.00033,4415592,90906236.0,-1.4527845036319476,20.65
HK.01876,2021-10-11 00:00:00,20.45,20.1,20.7,19.96,66.777,0.00054,7092788,143098767.0,-1.2285012285012284,20.35
HK.01876,2021-10-12 00:00:00,19.84,20.2,20.3,19.36,67.109,0.00193,25503345,510296933.0,0.49751243781093457,20.1
HK.01876,2021-10-15 00:00:00,20.0,19.48,20.0,19.3,64.717,0.00167,22168165,432603108.0,-3.564356435643559,20.2
HK.01876,2021-10-18 00:00:00,19.48,19.24,19.48,18.92,63.92,0.00033,4349939,83628506.0,-1.2320328542094556,19.48
HK.01876,2021-10-19 00:00:00,19.24,19.62,19.74,19.24,65.182,0.00113,15005492,292936104.0,1.9750519750519884,19.24
HK.01876,2021-10-20 00:00:00,20.15,19.74,20.15,19.5,65.581,0.00035,4676781,92197959.0,0.6116207951070205,19.62
HK.01876,2021-10-21 00:00:00,19.66,19.42,19.7,19.24,64.518,0.00078,10276521,199376298.0,-1.621073961499477,19.74
HK.01876,2021-10-22 00:00:00,19.3,19.3,19.46,19.2,64.119,0.00035,4675776,90245721.0,-0.6179196704428476,19.42
HK.01876,2021-10-25 00:00:00,19.28,18.58,19.28,18.54,61.727,0.00095,12549387,234395464.0,-3.730569948186541,19.3
HK.01876,2021-10-26 00:00:00,18.7,19.28,20.15,18.6,64.053,0.00152,20127866,389220226.0,3.7674919268030296,18.58
HK.01876,2021-10-27 00:00:00,19.04,19.02,19.34,19.0,63.189,0.00057,7496150,143588393.0,-1.3485477178423317,19.28
HK.01876,2021-10-28 00:00:00,19.2,20.65,21.1,18.84,68.604,0.00205,27098945,549224759.0,8.569926393270237,19.02
HK.01876,2021-10-29 00:00:00,21.05,21.45,21.75,20.45,71.262,0.00121,16017300,341480404.0,3.8740920096852336,20.65
HK.01876,2021-11-01 00:00:00,21.45,21.4,21.65,21.0,71.096,0.00057,7518777,160510862.0,-0.23310023310023645,21.45
HK.01876,2021-11-02 00:00:00,21.7,21.1,21.7,21.0,70.099,0.00041,5459889,115976708.0,-1.4018691588784915,21.4
HK.01876,2021-11-03 00:00:00,21.1,20.9,21.1,20.3,69.435,0.00054,7172234,148251908.0,-0.9478672985782125,21.1
HK.01876,2021-11-04 00:00:00,21.3,20.9,21.85,20.65,69.435,0.00048,6416513,135480454.0,0.0,20.9
HK.01876,2021-11-05 00:00:00,20.65,21.05,21.2,20.45,69.933,0.00034,4519287,94730175.0,0.717703349282307,20.9
HK.01876,2021-11-08 00:00:00,21.1,20.85,21.3,20.6,69.269,0.00031,4158419,86766742.0,-0.9501187648456023,21.05
HK.01876,2021-11-09 00:00:00,21.05,20.65,21.15,20.35,68.604,0.00016,2145646,44232381.0,-0.9592326139088866,20.85
HK.01876,2021-11-10 00:00:00,20.7,20.8,20.8,19.94,69.102,0.00051,6757726,138035750.0,0.726392251815991,20.65
HK.01876,2021-11-11 00:00:00,20.45,20.6,20.7,20.2,68.438,0.0004,5238133,107226179.0,-0.9615384615384581,20.8
HK.01876,2021-11-12 00:00:00,20.4,20.95,21.35,20.4,69.601,0.00033,4373845,91785398.0,1.6990291262135817,20.6
HK.01876,2021-11-15 00:00:00,21.4,21.15,21.45,20.8,70.265,0.00016,2134825,45046484.0,0.9546539379474906,20.95
HK.01876,2021-11-16 00:00:00,21.15,21.45,21.7,21.1,71.262,0.00031,4079448,87397605.0,1.4184397163120601,21.15
HK.01876,2021-11-17 00:00:00,21.3,21.55,21.55,21.0,71.594,0.00021,2797033,59914308.0,0.4662004662004729,21.45
HK.01876,2021-11-18 00:00:00,21.5,21.2,21.6,21.0,70.431,0.00021,2782160,59110443.0,-1.624129930394438,21.55
HK.01876,2021-11-19 00:00:00,21.0,20.75,21.05,20.55,68.936,0.00022,2927173,60651816.0,-2.122641509433959,21.2
HK.01876,2021-11-22 00:00:00,20.75,20.85,20.95,20.35,69.269,0.00024,3232500,66603175.0,0.4819277108433803,20.75
HK.01876,2021-11-23 00:00:00,20.75,20.6,20.75,20.45,68.438,0.00019,2514644,51741639.0,-1.1990407673860912,20.85
HK.01876,2021-11-24 00:00:00,20.65,20.9,21.05,20.6,69.435,0.00039,5180372,108403397.0,1.4563106796116367,20.6
HK.01876,2021-11-25 00:00:00,21.0,20.45,21.25,20.35,67.94,0.00024,3236912,66728020.0,-2.1531100478468868,20.9
HK.01876,2021-11-26 00:00:00,20.45,20.1,20.45,19.54,66.777,0.0012,15895023,317104635.0,-1.7114914425427767,20.45
HK.01876,2021-11-29 00:00:00,20.2,20.2,20.35,19.72,67.109,0.00031,4063441,81661505.0,0.49751243781093457,20.1
HK.01876,2021-11-30 00:00:00,19.9,19.8,19.96,19.42,65.78,0.00071,9385505,184980528.0,-1.9801980198019733,20.2
HK.01876,2021-12-01 00:00:00,19.56,19.42,19.74,19.08,64.518,0.00098,12990618,252907753.0,-1.9191919191919142,19.8
HK.01876,2021-12-02 00:00:00,19.24,19.46,19.6,19.2,64.651,0.00059,7820467,152099968.0,0.2059732234809431,19.42
HK.01876,2021-12-03 00:00:00,19.42,19.5,19.6,19.16,64.784,0.00059,7847194,152728613.0,0.20554984583761124,19.46
HK.01876,2021-12-06 00:00:00,19.8,19.48,20.2,19.44,64.717,0.00034,4544283,89457950.0,-0.10256410256410037,19.5
HK.01876,2021-12-07 00:00:00,19.48,20.05,20.05,19.32,66.611,0.00028,3727293,73874626.0,2.9260780287474346,19.48
HK.01876,2021-12-08 00:00:00,20.0,20.05,20.1,19.68,66.611,0.00027,3641470,72700864.0,0.0,20.05
HK.01876,2021-12-09 00:00:00,20.2,20.55,20.9,20.2,68.272,0.0004,5358752,110295296.0,2.4937655860349124,20.05
HK.01876,2021-12-10 00:00:00,20.25,20.6,20.65,20.25,68.438,0.00035,4604432,94162636.0,0.24330900243309345,20.55
HK.01876,2021-12-13 00:00:00,20.85,20.15,20.85,20.1,66.943,0.00038,5092002,103101039.0,-2.1844660194174894,20.6
HK.01876,2021-12-14 00:00:00,20.15,20.3,20.7,20.0,67.441,0.00042,5539459,112151359.0,0.7444168734491422,20.15
HK.01876,2021-12-15 00:00:00,20.4,20.8,20.85,20.25,69.102,0.00035,4697954,96381069.0,2.463054187192118,20.3
HK.01876,2021-12-16 00:00:00,20.65,20.7,20.9,20.5,68.77,0.00048,6294418,130104075.0,-0.48076923076923755,20.8
HK.01876,2021-12-17 00:00:00,20.9,21.35,21.35,20.7,70.93,0.00066,8685601,183809583.0,3.1400966183574983,20.7
HK.01876,2021-12-20 00:00:00,21.0,20.8,21.15,20.6,69.102,0.00037,4941495,102825618.0,-2.5761124121779893,21.35
HK.01876,2021-12-21 00:00:00,20.85,20.85,21.1,20.7,69.269,0.00027,3541239,73802913.0,0.24038461538461878,20.8
HK.01876,2021-12-22 00:00:00,20.6,21.05,21.15,20.3,69.933,0.00048,6382059,132755153.0,0.9592326139088694,20.85
HK.01876,2021-12-23 00:00:00,20.9,21.0,21.2,20.6,69.767,0.00017,2246901,46968195.0,-0.23752969121140477,21.05
HK.01876,2021-12-24 00:00:00,21.1,21.0,21.2,20.9,69.767,3e-05,431813,9067591.0,0.0,21.0
HK.01876,2021-12-28 00:00:00,21.0,21.2,21.35,20.9,70.431,0.0002,2648226,56090688.0,0.952380952380949,21.0
HK.01876,2021-12-29 00:00:00,21.2,20.9,21.2,20.6,69.435,0.00014,1818046,37930654.0,-1.4150943396226447,21.2
HK.01876,2021-12-30 00:00:00,20.8,20.6,20.85,20.4,68.438,0.00025,3339874,68828887.0,-1.4354066985645797,20.9
HK.01876,2021-12-31 00:00:00,20.9,20.45,21.1,20.3,67.94,0.00032,4185035,86561989.0,-0.7281553398058355,20.6
